NodeID,Nodename,degree_centrality,in_degree_centrality,out_degree_centrality
0,django/db/backends/sqlite3/__init__.py,0.6861,0.6766,0.0749
1,django/contrib/admin/templatetags/base.py,0.3413,0.3413,0.0523
2,django/contrib/gis/db/backends/postgis/features.py,0.283,0.2782,0.0499
3,django/contrib/postgres/constraints.py,0.2782,0.2771,0.0488
4,django/conf/locale/mn/formats.py,0.2295,0.2295,0.0452
5,django/contrib/gis/geos/__init__.py,0.195,0.1843,0.044
6,django/db/models/deletion.py,0.1831,0.1677,0.0428
7,django/contrib/gis/geos/point.py,0.1677,0.157,0.0428
8,django/contrib/postgres/serializers.py,0.1356,0.1213,0.0428
9,django/conf/locale/uk/__init__.py,0.1165,0.1058,0.0404
10,django/conf/locale/tr/__init__.py,0.107,0.1034,0.0404
11,django/contrib/postgres/fields/citext.py,0.1058,0.0927,0.0392
12,django/urls/exceptions.py,0.1034,0.0916,0.0392
13,django/core/checks/__init__.py,0.1023,0.0785,0.0369
14,django/conf/locale/ko/formats.py,0.1023,0.0773,0.0357
15,django/conf/locale/__init__.py,0.0939,0.0773,0.0357
16,django/contrib/auth/handlers/modwsgi.py,0.0916,0.0761,0.0345
17,django/contrib/sessions/backends/file.py,0.0856,0.0666,0.0345
18,django/contrib/gis/gdal/raster/base.py,0.0844,0.0666,0.0345
19,django/template/loaders/app_directories.py,0.0773,0.0583,0.0345
20,django/conf/locale/km/__init__.py,0.0773,0.0571,0.0333
21,django/contrib/admin/decorators.py,0.0749,0.0559,0.0333
22,django/db/models/functions/datetime.py,0.0713,0.0535,0.0321
23,django/contrib/gis/geos/libgeos.py,0.0713,0.0511,0.0321
24,django/core/checks/registry.py,0.0666,0.0511,0.0321
25,django/conf/locale/sk/formats.py,0.0642,0.0488,0.0297
26,django/contrib/gis/db/backends/mysql/operations.py,0.0642,0.0488,0.0297
27,django/utils/timezone.py,0.0606,0.0452,0.0285
28,django/conf/locale/ar/__init__.py,0.0606,0.0452,0.0285
29,django/conf/locale/lt/__init__.py,0.0606,0.0428,0.0285
30,django/db/migrations/executor.py,0.0606,0.0428,0.0285
31,django/utils/ipv6.py,0.0583,0.0416,0.0273
32,django/contrib/syndication/apps.py,0.0583,0.0404,0.0273
33,django/contrib/admin/migrations/__init__.py,0.0583,0.0404,0.0273
34,django/conf/locale/bn/__init__.py,0.0571,0.0404,0.0262
35,django/contrib/flatpages/middleware.py,0.0559,0.0392,0.0262
36,django/template/response.py,0.0559,0.0392,0.0262
37,django/forms/utils.py,0.0547,0.038,0.0262
38,django/db/backends/mysql/__init__.py,0.0547,0.038,0.025
39,django/utils/html.py,0.0547,0.038,0.025
40,django/db/backends/oracle/features.py,0.0535,0.0357,0.025
41,django/db/models/fields/proxy.py,0.0535,0.0357,0.025
42,django/contrib/messages/api.py,0.0535,0.0357,0.025
43,django/db/models/fields/related.py,0.0499,0.0345,0.025
44,django/db/backends/mysql/validation.py,0.0499,0.0345,0.025
45,django/db/backends/signals.py,0.0488,0.0345,0.025
46,django/conf/locale/hi/formats.py,0.0476,0.0333,0.025
47,django/contrib/gis/geos/linestring.py,0.0476,0.0321,0.025
48,django/http/__init__.py,0.0476,0.0309,0.0238
49,django/contrib/messages/storage/fallback.py,0.0476,0.0285,0.0238
50,django/conf/locale/bs/formats.py,0.0464,0.0273,0.0238
51,django/db/models/utils.py,0.0452,0.0262,0.0238
52,django/core/management/commands/runserver.py,0.0452,0.0262,0.0238
53,django/__main__.py,0.044,0.025,0.0238
54,django/contrib/gis/shortcuts.py,0.044,0.025,0.0238
55,django/contrib/admindocs/utils.py,0.044,0.025,0.0226
56,django/contrib/admin/views/decorators.py,0.0428,0.025,0.0226
57,django/contrib/gis/db/backends/oracle/__init__.py,0.0428,0.025,0.0226
58,django/core/management/commands/diffsettings.py,0.0416,0.025,0.0226
59,django/views/generic/base.py,0.0416,0.0238,0.0226
60,django/contrib/sitemaps/__init__.py,0.0416,0.0238,0.0226
61,django/contrib/gis/db/__init__.py,0.0416,0.0226,0.0226
62,django/db/migrations/operations/base.py,0.0416,0.0226,0.0226
63,django/contrib/postgres/fields/array.py,0.0416,0.0226,0.0214
64,django/conf/locale/bs/__init__.py,0.0404,0.0214,0.0214
65,django/template/loaders/cached.py,0.0404,0.0214,0.0214
66,django/contrib/gis/geos/prepared.py,0.0404,0.0214,0.0214
67,django/dispatch/dispatcher.py,0.0404,0.0202,0.0214
68,django/conf/locale/pt_BR/__init__.py,0.0392,0.019,0.0214
69,django/contrib/gis/__init__.py,0.0392,0.019,0.0214
70,django/contrib/staticfiles/urls.py,0.0392,0.0178,0.0214
71,django/core/files/images.py,0.038,0.0178,0.0202
72,django/contrib/staticfiles/management/commands/runserver.py,0.038,0.0178,0.0202
73,django/conf/locale/ta/__init__.py,0.038,0.0178,0.0202
74,django/conf/locale/sr_Latn/formats.py,0.038,0.0178,0.0202
75,django/contrib/gis/db/backends/spatialite/features.py,0.0369,0.0166,0.0202
76,django/__init__.py,0.0369,0.0166,0.0202
77,django/template/utils.py,0.0357,0.0166,0.0202
78,django/views/decorators/debug.py,0.0357,0.0166,0.0202
79,django/conf/locale/fy/formats.py,0.0357,0.0166,0.0202
80,django/utils/numberformat.py,0.0357,0.0166,0.0202
81,django/contrib/auth/migrations/0002_alter_permission_name_max_length.py,0.0357,0.0166,0.0202
82,django/contrib/gis/gdal/raster/__init__.py,0.0345,0.0166,0.0202
83,django/db/models/__init__.py,0.0345,0.0166,0.0202
84,django/core/management/commands/sqlflush.py,0.0345,0.0166,0.019
85,django/core/checks/security/base.py,0.0345,0.0155,0.019
86,django/utils/http.py,0.0345,0.0155,0.019
87,django/db/backends/base/introspection.py,0.0333,0.0155,0.019
88,django/contrib/gis/gdal/prototypes/errcheck.py,0.0333,0.0155,0.019
89,django/conf/locale/az/__init__.py,0.0333,0.0155,0.019
90,django/http/multipartparser.py,0.0321,0.0155,0.019
91,django/conf/locale/eo/__init__.py,0.0321,0.0155,0.019
92,django/core/handlers/wsgi.py,0.0321,0.0155,0.019
93,django/utils/translation/trans_real.py,0.0321,0.0155,0.0178
94,django/contrib/gis/geoip2/resources.py,0.0321,0.0155,0.0178
95,django/core/files/base.py,0.0321,0.0155,0.0178
96,django/db/backends/oracle/client.py,0.0321,0.0155,0.0178
97,django/contrib/gis/gdal/prototypes/srs.py,0.0309,0.0143,0.0178
98,django/contrib/gis/geos/prototypes/errcheck.py,0.0309,0.0143,0.0178
99,django/utils/decorators.py,0.0309,0.0143,0.0178
100,django/contrib/postgres/search.py,0.0297,0.0143,0.0178
101,django/contrib/gis/geos/coordseq.py,0.0297,0.0143,0.0178
102,django/contrib/gis/geos/error.py,0.0297,0.0143,0.0178
103,django/contrib/gis/utils/layermapping.py,0.0297,0.0131,0.0178
104,django/views/decorators/cache.py,0.0297,0.0131,0.0178
105,django/core/cache/backends/base.py,0.0285,0.0131,0.0178
106,django/contrib/admin/migrations/0003_logentry_add_action_flag_choices.py,0.0285,0.0131,0.0178
107,django/core/checks/messages.py,0.0285,0.0119,0.0178
108,django/contrib/admin/helpers.py,0.0285,0.0119,0.0178
109,django/db/backends/sqlite3/features.py,0.0285,0.0119,0.0178
110,django/db/migrations/operations/special.py,0.0285,0.0119,0.0166
111,django/conf/locale/ru/formats.py,0.0285,0.0119,0.0166
112,django/forms/renderers.py,0.0285,0.0119,0.0166
113,django/contrib/redirects/__init__.py,0.0273,0.0119,0.0166
114,django/contrib/sites/models.py,0.0273,0.0119,0.0166
115,django/conf/locale/uk/formats.py,0.0273,0.0119,0.0166
116,django/core/checks/model_checks.py,0.0273,0.0119,0.0166
117,django/contrib/staticfiles/handlers.py,0.0273,0.0119,0.0166
118,django/db/migrations/exceptions.py,0.0273,0.0107,0.0166
119,django/conf/locale/ig/formats.py,0.0273,0.0107,0.0166
120,django/core/mail/backends/filebased.py,0.0273,0.0107,0.0166
121,django/contrib/gis/admin/widgets.py,0.0273,0.0107,0.0166
122,django/db/models/functions/comparison.py,0.0273,0.0107,0.0166
123,django/contrib/staticfiles/views.py,0.0273,0.0107,0.0166
124,django/db/models/enums.py,0.0262,0.0107,0.0166
125,django/contrib/gis/db/backends/postgis/introspection.py,0.0262,0.0107,0.0166
126,django/conf/locale/el/__init__.py,0.0262,0.0107,0.0166
127,django/contrib/auth/migrations/0008_alter_user_username_max_length.py,0.0262,0.0107,0.0155
128,django/db/backends/dummy/__init__.py,0.0262,0.0107,0.0155
129,django/test/utils.py,0.0262,0.0107,0.0155
130,django/utils/encoding.py,0.0262,0.0107,0.0155
131,django/contrib/gis/gdal/driver.py,0.0262,0.0107,0.0155
132,django/templatetags/i18n.py,0.0262,0.0095,0.0155
133,django/contrib/gis/gdal/raster/source.py,0.0262,0.0095,0.0155
134,django/contrib/postgres/validators.py,0.0262,0.0095,0.0155
135,django/core/cache/backends/memcached.py,0.0262,0.0095,0.0155
136,django/contrib/staticfiles/management/commands/collectstatic.py,0.0262,0.0095,0.0155
137,django/db/backends/oracle/utils.py,0.0262,0.0095,0.0155
138,django/core/management/commands/makemigrations.py,0.025,0.0095,0.0155
139,django/contrib/admin/templatetags/__init__.py,0.025,0.0095,0.0155
140,django/core/serializers/pyyaml.py,0.025,0.0095,0.0155
141,django/contrib/gis/db/backends/utils.py,0.025,0.0083,0.0155
142,django/conf/locale/mk/formats.py,0.025,0.0083,0.0155
143,django/contrib/postgres/forms/ranges.py,0.025,0.0083,0.0155
144,django/contrib/messages/utils.py,0.0238,0.0083,0.0155
145,django/contrib/gis/gdal/feature.py,0.0238,0.0083,0.0155
146,django/conf/locale/nn/formats.py,0.0238,0.0083,0.0155
147,django/contrib/contenttypes/management/__init__.py,0.0238,0.0083,0.0155
148,django/contrib/gis/admin/options.py,0.0238,0.0083,0.0155
149,django/db/backends/oracle/validation.py,0.0238,0.0083,0.0155
150,django/contrib/auth/signals.py,0.0238,0.0083,0.0155
151,django/conf/locale/cy/__init__.py,0.0238,0.0083,0.0155
152,django/contrib/auth/views.py,0.0238,0.0083,0.0155
153,django/contrib/gis/sitemaps/kml.py,0.0226,0.0083,0.0155
154,django/contrib/gis/management/commands/ogrinspect.py,0.0226,0.0083,0.0155
155,django/utils/termcolors.py,0.0226,0.0083,0.0155
156,django/utils/formats.py,0.0226,0.0083,0.0155
157,django/contrib/gis/geos/prototypes/geom.py,0.0226,0.0083,0.0143
158,django/core/handlers/asgi.py,0.0226,0.0083,0.0143
159,django/contrib/admin/filters.py,0.0226,0.0083,0.0143
160,django/contrib/gis/gdal/raster/const.py,0.0226,0.0083,0.0143
161,django/core/cache/utils.py,0.0226,0.0083,0.0143
162,django/contrib/gis/views.py,0.0214,0.0071,0.0143
163,django/contrib/gis/db/backends/base/models.py,0.0214,0.0071,0.0143
164,django/contrib/staticfiles/testing.py,0.0214,0.0071,0.0143
165,django/conf/locale/it/__init__.py,0.0214,0.0071,0.0143
166,django/views/debug.py,0.0214,0.0071,0.0143
167,django/contrib/auth/migrations/0004_alter_user_username_opts.py,0.0214,0.0071,0.0143
168,django/contrib/messages/storage/session.py,0.0214,0.0071,0.0143
169,django/contrib/admin/utils.py,0.0214,0.0071,0.0143
170,django/conf/locale/de_CH/formats.py,0.0214,0.0071,0.0143
171,django/contrib/gis/geos/io.py,0.0214,0.0071,0.0143
172,django/forms/boundfield.py,0.0214,0.0071,0.0143
173,django/views/generic/list.py,0.0214,0.0071,0.0143
174,django/contrib/gis/db/backends/base/operations.py,0.0214,0.0071,0.0143
175,django/db/models/query_utils.py,0.0214,0.0071,0.0143
176,django/core/management/commands/squashmigrations.py,0.0214,0.0071,0.0143
177,django/contrib/gis/db/backends/postgis/schema.py,0.0202,0.0071,0.0143
178,django/db/models/functions/__init__.py,0.0202,0.0071,0.0143
179,django/core/mail/backends/dummy.py,0.0202,0.0071,0.0143
180,django/template/backends/__init__.py,0.0202,0.0071,0.0143
181,django/conf/locale/fr/formats.py,0.0202,0.0071,0.0143
182,django/contrib/flatpages/migrations/0001_initial.py,0.0202,0.0071,0.0143
183,django/contrib/auth/middleware.py,0.0202,0.0071,0.0143
184,django/utils/translation/trans_null.py,0.0202,0.0071,0.0143
185,django/test/runner.py,0.0202,0.0071,0.0143
186,django/contrib/auth/__init__.py,0.0202,0.0071,0.0131
187,django/contrib/auth/tokens.py,0.0202,0.0071,0.0131
188,django/db/models/sql/datastructures.py,0.0202,0.0071,0.0131
189,django/contrib/postgres/fields/ranges.py,0.0202,0.0071,0.0131
190,django/core/checks/async_checks.py,0.0202,0.0059,0.0131
191,django/conf/locale/es/__init__.py,0.019,0.0059,0.0131
192,django/conf/locale/hu/formats.py,0.019,0.0059,0.0131
193,django/core/serializers/base.py,0.019,0.0059,0.0131
194,django/contrib/auth/migrations/0012_alter_user_first_name_max_length.py,0.019,0.0059,0.0131
195,django/core/mail/backends/smtp.py,0.019,0.0059,0.0131
196,django/templatetags/__init__.py,0.019,0.0059,0.0131
197,django/contrib/gis/db/backends/__init__.py,0.019,0.0059,0.0131
198,django/contrib/admin/templatetags/admin_modify.py,0.019,0.0059,0.0131
199,django/utils/deconstruct.py,0.019,0.0059,0.0131
200,django/contrib/sessions/serializers.py,0.019,0.0059,0.0131
201,django/conf/__init__.py,0.019,0.0059,0.0131
202,django/contrib/postgres/fields/jsonb.py,0.019,0.0059,0.0131
203,django/contrib/humanize/templatetags/__init__.py,0.019,0.0059,0.0131
204,django/conf/locale/de/formats.py,0.019,0.0059,0.0131
205,django/contrib/messages/storage/__init__.py,0.019,0.0059,0.0131
206,django/forms/models.py,0.019,0.0059,0.0131
207,django/core/files/utils.py,0.0178,0.0059,0.0131
208,django/conf/locale/nl/__init__.py,0.0178,0.0059,0.0131
209,django/conf/locale/fy/__init__.py,0.0178,0.0059,0.0131
210,django/conf/locale/id/__init__.py,0.0178,0.0059,0.0131
211,django/contrib/contenttypes/views.py,0.0178,0.0059,0.0131
212,django/template/exceptions.py,0.0178,0.0059,0.0131
213,django/contrib/gis/geos/prototypes/topology.py,0.0178,0.0059,0.0131
214,django/contrib/gis/gdal/base.py,0.0178,0.0059,0.0131
215,django/utils/deprecation.py,0.0178,0.0059,0.0131
216,django/conf/locale/es_NI/formats.py,0.0178,0.0059,0.0131
217,django/core/mail/__init__.py,0.0178,0.0059,0.0119
218,django/core/management/commands/sqlmigrate.py,0.0178,0.0059,0.0119
219,django/contrib/admin/migrations/0001_initial.py,0.0178,0.0048,0.0119
220,django/conf/locale/ja/formats.py,0.0178,0.0048,0.0119
221,django/db/backends/base/schema.py,0.0178,0.0048,0.0119
222,django/db/models/signals.py,0.0178,0.0048,0.0119
223,django/contrib/gis/gdal/prototypes/geom.py,0.0178,0.0048,0.0119
224,django/middleware/clickjacking.py,0.0178,0.0048,0.0119
225,django/core/handlers/exception.py,0.0178,0.0048,0.0119
226,django/utils/feedgenerator.py,0.0178,0.0048,0.0119
227,django/bin/django-admin.py,0.0178,0.0048,0.0119
228,django/conf/locale/th/__init__.py,0.0178,0.0048,0.0119
229,django/conf/locale/cs/formats.py,0.0178,0.0048,0.0119
230,django/contrib/admin/__init__.py,0.0178,0.0048,0.0119
231,django/test/html.py,0.0178,0.0048,0.0119
232,django/db/migrations/writer.py,0.0166,0.0048,0.0119
233,django/contrib/gis/db/models/proxy.py,0.0166,0.0048,0.0119
234,django/contrib/gis/db/backends/mysql/__init__.py,0.0166,0.0048,0.0119
235,django/contrib/gis/db/models/sql/conversion.py,0.0166,0.0048,0.0119
236,django/contrib/redirects/middleware.py,0.0166,0.0048,0.0119
237,django/conf/locale/ga/formats.py,0.0166,0.0048,0.0119
238,django/contrib/flatpages/views.py,0.0166,0.0048,0.0119
239,django/contrib/admin/models.py,0.0166,0.0048,0.0119
240,django/contrib/flatpages/templatetags/flatpages.py,0.0166,0.0048,0.0119
241,django/db/backends/oracle/__init__.py,0.0166,0.0048,0.0119
242,django/views/generic/detail.py,0.0166,0.0048,0.0119
243,django/utils/dateformat.py,0.0166,0.0048,0.0119
244,django/template/context_processors.py,0.0166,0.0048,0.0119
245,django/db/backends/base/base.py,0.0166,0.0048,0.0119
246,django/contrib/gis/db/backends/mysql/features.py,0.0166,0.0048,0.0119
247,django/conf/locale/ta/formats.py,0.0166,0.0048,0.0119
248,django/db/backends/utils.py,0.0166,0.0048,0.0107
249,django/views/csrf.py,0.0166,0.0048,0.0107
250,django/db/backends/postgresql/creation.py,0.0166,0.0036,0.0107
251,django/db/backends/mysql/schema.py,0.0166,0.0036,0.0107
252,django/views/generic/dates.py,0.0166,0.0036,0.0107
253,django/core/files/uploadhandler.py,0.0166,0.0036,0.0107
254,django/contrib/redirects/apps.py,0.0166,0.0036,0.0107
255,django/template/smartif.py,0.0166,0.0036,0.0107
256,django/db/backends/sqlite3/operations.py,0.0166,0.0036,0.0107
257,django/utils/translation/template.py,0.0166,0.0036,0.0107
258,django/contrib/gis/db/backends/spatialite/client.py,0.0166,0.0036,0.0107
259,django/contrib/gis/db/backends/postgis/pgraster.py,0.0155,0.0036,0.0107
260,django/contrib/admin/views/autocomplete.py,0.0155,0.0036,0.0107
261,django/contrib/sessions/migrations/__init__.py,0.0155,0.0036,0.0107
262,django/conf/locale/sq/__init__.py,0.0155,0.0036,0.0107
263,django/conf/locale/sr/formats.py,0.0155,0.0036,0.0107
264,django/core/cache/backends/locmem.py,0.0155,0.0036,0.0107
265,django/db/models/functions/mixins.py,0.0155,0.0036,0.0107
266,django/contrib/gis/gdal/prototypes/ds.py,0.0155,0.0036,0.0107
267,django/db/migrations/operations/__init__.py,0.0155,0.0036,0.0107
268,django/db/backends/sqlite3/schema.py,0.0155,0.0036,0.0107
269,django/contrib/auth/migrations/0003_alter_user_email_max_length.py,0.0155,0.0036,0.0107
270,django/conf/locale/es_MX/formats.py,0.0155,0.0036,0.0107
271,django/contrib/messages/apps.py,0.0155,0.0036,0.0107
272,django/forms/widgets.py,0.0155,0.0036,0.0107
273,django/db/migrations/serializer.py,0.0155,0.0036,0.0107
274,django/db/models/options.py,0.0155,0.0036,0.0107
275,django/utils/dateparse.py,0.0155,0.0036,0.0107
276,django/utils/cache.py,0.0155,0.0036,0.0107
277,django/contrib/gis/db/backends/spatialite/adapter.py,0.0155,0.0036,0.0107
278,django/contrib/admindocs/views.py,0.0155,0.0036,0.0107
279,django/http/request.py,0.0155,0.0036,0.0107
280,django/views/decorators/vary.py,0.0155,0.0036,0.0107
281,django/contrib/gis/forms/fields.py,0.0155,0.0036,0.0107
282,django/conf/urls/i18n.py,0.0155,0.0036,0.0107
283,django/core/management/commands/inspectdb.py,0.0155,0.0036,0.0107
284,django/contrib/auth/handlers/__init__.py,0.0155,0.0036,0.0107
285,django/contrib/gis/geos/prototypes/__init__.py,0.0155,0.0036,0.0107
286,django/conf/locale/es_AR/__init__.py,0.0155,0.0036,0.0107
287,django/core/asgi.py,0.0155,0.0036,0.0107
288,django/test/testcases.py,0.0155,0.0036,0.0107
289,django/contrib/postgres/forms/hstore.py,0.0155,0.0036,0.0107
290,django/contrib/admindocs/middleware.py,0.0155,0.0036,0.0107
291,django/utils/inspect.py,0.0155,0.0036,0.0107
292,django/contrib/gis/admin/__init__.py,0.0155,0.0036,0.0107
293,django/db/models/functions/window.py,0.0155,0.0036,0.0107
294,django/contrib/contenttypes/apps.py,0.0155,0.0036,0.0107
295,django/views/decorators/__init__.py,0.0155,0.0036,0.0095
296,django/urls/converters.py,0.0155,0.0036,0.0095
297,django/contrib/postgres/aggregates/__init__.py,0.0155,0.0036,0.0095
298,django/conf/locale/es_PR/formats.py,0.0143,0.0036,0.0095
299,django/contrib/gis/utils/ogrinfo.py,0.0143,0.0036,0.0095
300,django/contrib/sites/apps.py,0.0143,0.0036,0.0095
301,django/views/defaults.py,0.0143,0.0036,0.0095
302,django/contrib/postgres/indexes.py,0.0143,0.0036,0.0095
303,django/db/backends/oracle/introspection.py,0.0143,0.0036,0.0095
304,django/db/backends/ddl_references.py,0.0143,0.0024,0.0095
305,django/contrib/auth/base_user.py,0.0143,0.0024,0.0095
306,django/template/loaders/__init__.py,0.0143,0.0024,0.0095
307,django/core/mail/message.py,0.0143,0.0024,0.0095
308,django/utils/text.py,0.0143,0.0024,0.0095
309,django/contrib/staticfiles/apps.py,0.0143,0.0024,0.0095
310,django/conf/locale/fi/__init__.py,0.0143,0.0024,0.0095
311,django/urls/resolvers.py,0.0143,0.0024,0.0095
312,django/conf/locale/sl/__init__.py,0.0143,0.0024,0.0095
313,django/contrib/admin/views/main.py,0.0143,0.0024,0.0095
314,django/utils/module_loading.py,0.0143,0.0024,0.0095
315,django/middleware/gzip.py,0.0143,0.0024,0.0095
316,django/core/management/sql.py,0.0143,0.0024,0.0095
317,django/db/backends/postgresql/schema.py,0.0143,0.0024,0.0095
318,django/conf/locale/hr/formats.py,0.0143,0.0024,0.0095
319,django/db/models/query.py,0.0143,0.0024,0.0095
320,django/contrib/sitemaps/apps.py,0.0143,0.0024,0.0095
321,django/core/files/uploadedfile.py,0.0143,0.0024,0.0095
322,django/core/cache/backends/dummy.py,0.0143,0.0024,0.0095
323,django/conf/locale/sr_Latn/__init__.py,0.0143,0.0024,0.0095
324,django/contrib/gis/db/backends/postgis/const.py,0.0143,0.0024,0.0095
325,django/core/management/commands/createcachetable.py,0.0143,0.0024,0.0095
326,django/contrib/gis/db/backends/spatialite/operations.py,0.0143,0.0024,0.0095
327,django/apps/registry.py,0.0143,0.0024,0.0095
328,django/conf/locale/da/__init__.py,0.0143,0.0024,0.0095
329,django/contrib/sessions/base_session.py,0.0143,0.0024,0.0095
330,django/contrib/redirects/models.py,0.0143,0.0024,0.0095
331,django/conf/locale/bg/__init__.py,0.0143,0.0024,0.0095
332,django/core/checks/database.py,0.0131,0.0024,0.0095
333,django/template/loaders/base.py,0.0131,0.0024,0.0095
334,django/core/checks/security/__init__.py,0.0131,0.0024,0.0095
335,django/forms/formsets.py,0.0131,0.0024,0.0095
336,django/contrib/sessions/backends/signed_cookies.py,0.0131,0.0024,0.0083
337,django/contrib/flatpages/__init__.py,0.0131,0.0024,0.0083
338,django/views/decorators/gzip.py,0.0131,0.0024,0.0083
339,django/contrib/sessions/models.py,0.0131,0.0024,0.0083
340,django/db/backends/postgresql/features.py,0.0131,0.0024,0.0083
341,django/utils/crypto.py,0.0131,0.0024,0.0083
342,django/conf/locale/sr/__init__.py,0.0131,0.0024,0.0083
343,django/shortcuts.py,0.0131,0.0024,0.0083
344,django/conf/locale/de/__init__.py,0.0131,0.0024,0.0083
345,django/template/backends/jinja2.py,0.0131,0.0024,0.0083
346,django/contrib/contenttypes/migrations/__init__.py,0.0131,0.0024,0.0083
347,django/conf/locale/it/formats.py,0.0131,0.0024,0.0083
348,django/db/migrations/questioner.py,0.0131,0.0024,0.0083
349,django/db/backends/oracle/schema.py,0.0131,0.0024,0.0083
350,django/core/serializers/__init__.py,0.0131,0.0024,0.0083
351,django/contrib/admin/templatetags/admin_urls.py,0.0131,0.0024,0.0083
352,django/db/transaction.py,0.0131,0.0024,0.0083
353,django/db/models/base.py,0.0131,0.0024,0.0083
354,django/conf/locale/sl/formats.py,0.0131,0.0024,0.0083
355,django/conf/locale/sv/formats.py,0.0131,0.0024,0.0083
356,django/core/serializers/python.py,0.0131,0.0024,0.0083
357,django/template/loaders/filesystem.py,0.0131,0.0024,0.0083
358,django/conf/locale/az/formats.py,0.0131,0.0024,0.0083
359,django/contrib/gis/db/backends/oracle/adapter.py,0.0131,0.0024,0.0083
360,django/urls/utils.py,0.0131,0.0024,0.0083
361,django/template/__init__.py,0.0131,0.0024,0.0083
362,django/db/migrations/state.py,0.0131,0.0024,0.0083
363,django/conf/locale/hi/__init__.py,0.0131,0.0024,0.0083
364,django/core/files/__init__.py,0.0131,0.0024,0.0083
365,django/db/backends/dummy/features.py,0.0131,0.0024,0.0083
366,django/urls/__init__.py,0.0131,0.0024,0.0083
367,django/contrib/auth/apps.py,0.0119,0.0024,0.0083
368,django/conf/locale/ko/__init__.py,0.0119,0.0024,0.0083
369,django/db/migrations/autodetector.py,0.0119,0.0024,0.0083
370,django/contrib/gis/geoip2/base.py,0.0119,0.0024,0.0083
371,django/conf/locale/ru/__init__.py,0.0119,0.0024,0.0083
372,django/urls/base.py,0.0119,0.0024,0.0083
373,django/forms/__init__.py,0.0119,0.0024,0.0083
374,django/core/mail/backends/base.py,0.0119,0.0024,0.0083
375,django/contrib/sessions/backends/__init__.py,0.0119,0.0024,0.0083
376,django/contrib/gis/geos/geometry.py,0.0119,0.0024,0.0083
377,django/conf/locale/eu/formats.py,0.0119,0.0024,0.0083
378,django/contrib/postgres/fields/hstore.py,0.0119,0.0024,0.0083
379,django/middleware/http.py,0.0119,0.0024,0.0083
380,django/contrib/gis/gdal/layer.py,0.0119,0.0024,0.0083
381,django/contrib/gis/apps.py,0.0119,0.0024,0.0083
382,django/test/signals.py,0.0119,0.0024,0.0083
383,django/db/models/functions/math.py,0.0119,0.0024,0.0083
384,django/contrib/gis/db/backends/base/features.py,0.0119,0.0024,0.0083
385,django/contrib/auth/management/__init__.py,0.0119,0.0024,0.0083
386,django/conf/locale/he/__init__.py,0.0119,0.0024,0.0083
387,django/core/paginator.py,0.0119,0.0024,0.0083
388,django/core/management/commands/shell.py,0.0119,0.0024,0.0083
389,django/contrib/sessions/middleware.py,0.0119,0.0024,0.0083
390,django/contrib/gis/gdal/error.py,0.0119,0.0024,0.0083
391,django/utils/translation/__init__.py,0.0119,0.0024,0.0083
392,django/contrib/auth/migrations/0009_alter_user_last_name_max_length.py,0.0119,0.0024,0.0083
393,django/core/cache/backends/filebased.py,0.0119,0.0024,0.0083
394,django/conf/locale/es_CO/formats.py,0.0119,0.0024,0.0083
395,django/contrib/contenttypes/checks.py,0.0119,0.0024,0.0071
396,django/db/backends/base/client.py,0.0119,0.0024,0.0071
397,django/conf/locale/kn/__init__.py,0.0119,0.0024,0.0071
398,django/db/backends/sqlite3/introspection.py,0.0119,0.0024,0.0071
399,django/contrib/auth/forms.py,0.0119,0.0024,0.0071
400,django/db/backends/oracle/operations.py,0.0119,0.0024,0.0071
401,django/core/management/commands/flush.py,0.0107,0.0024,0.0071
402,django/db/models/manager.py,0.0107,0.0012,0.0071
403,django/contrib/gis/db/backends/oracle/schema.py,0.0107,0.0012,0.0071
404,django/contrib/gis/gdal/prototypes/generation.py,0.0107,0.0012,0.0071
405,django/db/backends/mysql/operations.py,0.0107,0.0012,0.0071
406,django/contrib/gis/forms/__init__.py,0.0107,0.0012,0.0071
407,django/contrib/admin/exceptions.py,0.0107,0.0012,0.0071
408,django/db/models/aggregates.py,0.0107,0.0012,0.0071
409,django/contrib/sites/migrations/0002_alter_domain_unique.py,0.0107,0.0012,0.0071
410,django/conf/locale/cy/formats.py,0.0107,0.0012,0.0071
411,django/contrib/gis/sitemaps/__init__.py,0.0107,0.0012,0.0071
412,django/templatetags/cache.py,0.0107,0.0012,0.0071
413,django/contrib/postgres/functions.py,0.0107,0.0012,0.0071
414,django/contrib/gis/db/backends/spatialite/introspection.py,0.0107,0.0012,0.0071
415,django/contrib/gis/geos/prototypes/io.py,0.0107,0.0012,0.0071
416,django/contrib/postgres/signals.py,0.0107,0.0012,0.0071
417,django/utils/functional.py,0.0107,0.0012,0.0071
418,django/contrib/gis/gdal/srs.py,0.0107,0.0012,0.0071
419,django/contrib/contenttypes/__init__.py,0.0107,0.0012,0.0071
420,django/db/backends/mysql/features.py,0.0107,0.0012,0.0071
421,django/contrib/postgres/aggregates/general.py,0.0107,0.0012,0.0071
422,django/contrib/gis/geoip2/__init__.py,0.0107,0.0012,0.0071
423,django/conf/locale/th/formats.py,0.0107,0.0012,0.0071
424,django/utils/duration.py,0.0107,0.0012,0.0071
425,django/core/management/commands/loaddata.py,0.0107,0.0012,0.0071
426,django/db/backends/base/features.py,0.0107,0.0012,0.0071
427,django/template/loader.py,0.0107,0.0012,0.0071
428,django/conf/locale/pt/formats.py,0.0107,0.0012,0.0071
429,django/contrib/flatpages/forms.py,0.0107,0.0012,0.0071
430,django/contrib/sites/admin.py,0.0107,0.0012,0.0071
431,django/db/models/fields/files.py,0.0107,0.0012,0.0071
432,django/conf/locale/et/formats.py,0.0107,0.0012,0.0071
433,django/contrib/syndication/__init__.py,0.0107,0.0012,0.0071
434,django/contrib/admin/widgets.py,0.0107,0.0012,0.0071
435,django/contrib/contenttypes/fields.py,0.0107,0.0012,0.0071
436,django/conf/locale/is/__init__.py,0.0107,0.0012,0.0071
437,django/conf/locale/en/__init__.py,0.0095,0.0012,0.0071
438,django/conf/locale/hr/__init__.py,0.0095,0.0012,0.0071
439,django/core/management/commands/dbshell.py,0.0095,0.0012,0.0071
440,django/db/models/sql/compiler.py,0.0095,0.0012,0.0071
441,django/apps/config.py,0.0095,0.0012,0.0071
442,django/utils/jslex.py,0.0095,0.0012,0.0071
443,django/middleware/common.py,0.0095,0.0012,0.0071
444,django/contrib/gis/measure.py,0.0095,0.0012,0.0071
445,django/contrib/postgres/lookups.py,0.0095,0.0012,0.0071
446,django/db/migrations/graph.py,0.0095,0.0012,0.0071
447,django/views/__init__.py,0.0095,0.0012,0.0071
448,django/conf/locale/gl/__init__.py,0.0095,0.0012,0.0071
449,django/db/backends/base/operations.py,0.0095,0.0012,0.0071
450,django/conf/locale/lv/formats.py,0.0095,0.0012,0.0071
451,django/contrib/auth/migrations/0001_initial.py,0.0095,0.0012,0.0071
452,django/db/backends/postgresql/operations.py,0.0095,0.0012,0.0059
453,django/core/management/commands/test.py,0.0095,0.0012,0.0059
454,django/conf/locale/ga/__init__.py,0.0095,0.0012,0.0059
455,django/contrib/sessions/backends/cache.py,0.0095,0.0012,0.0059
456,django/contrib/gis/sitemaps/views.py,0.0095,0.0012,0.0059
457,django/contrib/flatpages/sitemaps.py,0.0095,0.0012,0.0059
458,django/conf/urls/__init__.py,0.0095,0.0012,0.0059
459,django/db/models/lookups.py,0.0095,0.0012,0.0059
460,django/core/files/locks.py,0.0095,0.0012,0.0059
461,django/dispatch/__init__.py,0.0095,0.0012,0.0059
462,django/db/backends/mysql/compiler.py,0.0095,0.0012,0.0059
463,django/conf/locale/ky/__init__.py,0.0095,0.0012,0.0059
464,django/contrib/gis/db/backends/spatialite/models.py,0.0095,0.0012,0.0059
465,django/conf/locale/te/__init__.py,0.0095,0.0012,0.0059
466,django/core/checks/templates.py,0.0095,0.0012,0.0059
467,django/utils/translation/reloader.py,0.0095,0.0012,0.0059
468,django/utils/baseconv.py,0.0095,0.0012,0.0059
469,django/core/checks/urls.py,0.0095,0.0012,0.0059
470,django/contrib/messages/storage/cookie.py,0.0095,0.0012,0.0059
471,django/contrib/gis/serializers/__init__.py,0.0095,0.0012,0.0059
472,django/contrib/admin/migrations/0002_logentry_remove_auto_add.py,0.0095,0.0012,0.0059
473,django/db/models/fields/json.py,0.0095,0.0012,0.0059
474,django/contrib/gis/db/backends/base/adapter.py,0.0095,0.0012,0.0059
475,django/db/models/sql/constants.py,0.0095,0.0012,0.0059
476,django/utils/datastructures.py,0.0095,0.0012,0.0059
477,django/db/migrations/loader.py,0.0095,0.0012,0.0059
478,django/core/signing.py,0.0095,0.0012,0.0059
479,django/contrib/postgres/fields/utils.py,0.0095,0.0012,0.0059
480,django/conf/locale/sq/formats.py,0.0095,0.0012,0.0059
481,django/contrib/gis/geos/prototypes/prepared.py,0.0083,0.0012,0.0059
482,django/utils/xmlutils.py,0.0083,0.0012,0.0059
483,django/contrib/auth/checks.py,0.0083,0.0012,0.0059
484,django/conf/locale/nb/formats.py,0.0083,0.0012,0.0059
485,django/contrib/gis/db/backends/postgis/operations.py,0.0083,0.0012,0.0059
486,django/contrib/admin/apps.py,0.0083,0.0012,0.0059
487,django/contrib/auth/decorators.py,0.0083,0.0012,0.0059
488,django/contrib/postgres/utils.py,0.0083,0.0012,0.0059
489,django/contrib/gis/ptr.py,0.0083,0.0012,0.0059
490,django/contrib/sites/shortcuts.py,0.0083,0.0012,0.0059
491,django/conf/locale/ka/__init__.py,0.0083,0.0012,0.0059
492,django/contrib/auth/models.py,0.0083,0.0012,0.0059
493,django/contrib/redirects/migrations/0001_initial.py,0.0083,0.0012,0.0059
494,django/contrib/auth/admin.py,0.0083,0.0012,0.0059
495,django/conf/locale/nl/formats.py,0.0083,0.0012,0.0059
496,django/db/backends/sqlite3/creation.py,0.0083,0.0012,0.0059
497,django/db/migrations/utils.py,0.0083,0.0012,0.0059
498,django/contrib/gis/db/models/functions.py,0.0083,0.0012,0.0059
499,django/contrib/gis/db/models/aggregates.py,0.0083,0.0012,0.0059
500,django/contrib/postgres/aggregates/mixins.py,0.0083,0.0012,0.0059
501,django/contrib/redirects/migrations/__init__.py,0.0083,0.0012,0.0059
502,django/db/models/sql/__init__.py,0.0083,0.0012,0.0059
503,django/db/migrations/recorder.py,0.0083,0.0012,0.0059
504,django/conf/locale/uz/__init__.py,0.0083,0.0012,0.0059
505,django/conf/locale/es/formats.py,0.0083,0.0012,0.0059
506,django/views/i18n.py,0.0083,0.0012,0.0048
507,django/contrib/gis/gdal/prototypes/raster.py,0.0083,0.0012,0.0048
508,django/contrib/gis/db/models/fields.py,0.0083,0.0012,0.0048
509,django/core/management/base.py,0.0083,0.0012,0.0048
510,django/contrib/gis/utils/srs.py,0.0083,0.0012,0.0048
511,django/test/client.py,0.0083,0.0012,0.0048
512,django/contrib/gis/db/backends/spatialite/schema.py,0.0083,0.0012,0.0048
513,django/contrib/auth/migrations/0007_alter_validators_add_error_messages.py,0.0083,0.0012,0.0048
514,django/test/selenium.py,0.0083,0.0012,0.0048
515,django/core/management/commands/dumpdata.py,0.0083,0.0012,0.0048
516,django/conf/locale/pt/__init__.py,0.0083,0.0012,0.0048
517,django/apps/__init__.py,0.0083,0.0012,0.0048
518,django/conf/locale/zh_Hant/formats.py,0.0083,0.0012,0.0048
519,django/utils/lorem_ipsum.py,0.0083,0.0012,0.0048
520,django/db/backends/mysql/creation.py,0.0083,0.0012,0.0048
521,django/db/backends/postgresql/client.py,0.0083,0.0012,0.0048
522,django/views/decorators/csrf.py,0.0083,0.0012,0.0048
523,django/core/__init__.py,0.0083,0.0012,0.0048
524,django/http/cookie.py,0.0083,0.0012,0.0048
525,django/db/models/sql/subqueries.py,0.0071,0.0012,0.0048
526,django/contrib/admin/checks.py,0.0071,0.0012,0.0048
527,django/contrib/gis/db/backends/oracle/introspection.py,0.0071,0.0012,0.0048
528,django/conf/locale/es_PR/__init__.py,0.0071,0.0012,0.0048
529,django/conf/locale/tk/formats.py,0.0071,0.0012,0.0048
530,django/core/servers/basehttp.py,0.0071,0,0.0048
531,django/core/management/commands/check.py,0.0071,0,0.0048
532,django/conf/locale/eu/__init__.py,0.0071,0,0.0048
533,django/conf/locale/el/formats.py,0.0071,0,0.0048
534,django/contrib/humanize/apps.py,0.0071,0,0.0048
535,django/conf/locale/pl/__init__.py,0.0071,0,0.0048
536,django/contrib/gis/gdal/__init__.py,0.0071,0,0.0048
537,django/contrib/postgres/__init__.py,0.0071,0,0.0048
538,django/templatetags/static.py,0.0071,0,0.0048
539,django/contrib/gis/geos/prototypes/threadsafe.py,0.0071,0,0.0048
540,django/contrib/gis/geos/prototypes/coordseq.py,0.0071,0,0.0048
541,django/db/models/fields/related_lookups.py,0.0071,0,0.0048
542,django/db/migrations/migration.py,0.0071,0,0.0036
543,django/conf/locale/zh_Hans/__init__.py,0.0071,0,0.0036
544,django/conf/locale/gl/formats.py,0.0071,0,0.0036
545,django/conf/locale/en_GB/__init__.py,0.0071,0,0.0036
546,django/core/handlers/base.py,0.0071,0,0.0036
547,django/contrib/gis/gdal/prototypes/__init__.py,0.0071,0,0.0036
548,django/contrib/humanize/__init__.py,0.0071,0,0.0036
549,django/core/management/commands/startproject.py,0.0071,0,0.0036
550,django/db/models/constraints.py,0.0071,0,0.0036
551,django/conf/locale/lv/__init__.py,0.0071,0,0.0036
552,django/conf/locale/kn/formats.py,0.0071,0,0.0036
553,django/contrib/messages/context_processors.py,0.0071,0,0.0036
554,django/core/management/commands/sqlsequencereset.py,0.0071,0,0.0036
555,django/conf/locale/bn/formats.py,0.0071,0,0.0036
556,django/contrib/auth/password_validation.py,0.0071,0,0.0036
557,django/conf/locale/ky/formats.py,0.0071,0,0.0036
558,django/core/exceptions.py,0.0071,0,0.0036
559,django/db/backends/base/__init__.py,0.0071,0,0.0036
560,django/contrib/admin/templatetags/admin_list.py,0.0071,0,0.0036
561,django/template/backends/dummy.py,0.0071,0,0.0036
562,django/contrib/admindocs/__init__.py,0.0071,0,0.0036
563,django/contrib/gis/geos/factory.py,0.0071,0,0.0036
564,django/contrib/admindocs/urls.py,0.0071,0,0.0036
565,django/contrib/sessions/management/commands/clearsessions.py,0.0071,0,0.0036
566,django/contrib/gis/serializers/geojson.py,0.0071,0,0.0036
567,django/db/backends/dummy/base.py,0.0071,0,0.0036
568,django/db/models/functions/text.py,0.0071,0,0.0036
569,django/db/backends/base/validation.py,0.0059,0,0.0036
570,django/conf/locale/en_GB/formats.py,0.0059,0,0.0036
571,django/conf/locale/is/formats.py,0.0059,0,0.0036
572,django/core/validators.py,0.0059,0,0.0036
573,django/views/generic/edit.py,0.0059,0,0.0036
574,django/db/migrations/operations/utils.py,0.0059,0,0.0036
575,django/conf/locale/gd/formats.py,0.0059,0,0.0036
576,django/contrib/contenttypes/management/commands/remove_stale_contenttypes.py,0.0059,0,0.0024
577,django/contrib/postgres/fields/__init__.py,0.0059,0,0.0024
578,django/conf/locale/ka/formats.py,0.0059,0,0.0024
579,django/conf/locale/km/formats.py,0.0059,0,0.0024
580,django/contrib/auth/hashers.py,0.0059,0,0.0024
581,django/contrib/messages/storage/base.py,0.0059,0,0.0024
582,django/conf/locale/fa/__init__.py,0.0059,0,0.0024
583,django/template/loaders/locmem.py,0.0059,0,0.0024
584,django/db/backends/mysql/client.py,0.0059,0,0.0012
585,django/contrib/gis/geos/prototypes/misc.py,0.0059,0,0.0012
586,django/core/management/__init__.py,0.0059,0,0.0012
587,django/contrib/gis/utils/ogrinspect.py,0.0059,0,0.0012
588,django/contrib/flatpages/models.py,0.0059,0,0.0012
589,django/contrib/gis/db/backends/postgis/base.py,0.0059,0,0.0012
590,django/db/models/sql/where.py,0.0059,0,0.0012
591,django/contrib/staticfiles/checks.py,0.0059,0,0.0012
592,django/contrib/staticfiles/utils.py,0.0059,0,0
593,django/conf/locale/tg/__init__.py,0.0059,0,0
594,django/contrib/sites/requests.py,0.0059,0,0
595,django/conf/locale/en_AU/__init__.py,0.0059,0,0
596,django/template/base.py,0.0059,0,0
597,django/contrib/gis/utils/__init__.py,0.0059,0,0
598,django/conf/locale/eo/formats.py,0.0059,0,0
599,django/contrib/redirects/admin.py,0.0059,0,0
600,django/conf/locale/fi/formats.py,0.0059,0,0
601,django/core/management/commands/testserver.py,0.0059,0,0
602,django/contrib/auth/migrations/0006_require_contenttypes_0002.py,0.0059,0,0
603,django/contrib/auth/management/commands/changepassword.py,0.0059,0,0
604,django/contrib/contenttypes/admin.py,0.0059,0,0
605,django/template/loader_tags.py,0.0059,0,0
606,django/core/management/commands/compilemessages.py,0.0059,0,0
607,django/utils/tree.py,0.0059,0,0
608,django/core/mail/backends/locmem.py,0.0059,0,0
609,django/conf/locale/lt/formats.py,0.0059,0,0
610,django/utils/autoreload.py,0.0059,0,0
611,django/contrib/auth/migrations/__init__.py,0.0059,0,0
612,django/core/files/temp.py,0.0059,0,0
613,django/contrib/gis/db/models/lookups.py,0.0059,0,0
614,django/conf/locale/id/formats.py,0.0059,0,0
615,django/contrib/gis/gdal/raster/band.py,0.0048,0,0
616,django/utils/datetime_safe.py,0.0048,0,0
617,django/contrib/humanize/templatetags/humanize.py,0.0048,0,0
618,django/conf/urls/static.py,0.0048,0,0
619,django/utils/log.py,0.0048,0,0
620,django/conf/locale/ar_DZ/__init__.py,0.0048,0,0
621,django/contrib/sites/managers.py,0.0048,0,0
622,django/contrib/sitemaps/views.py,0.0048,0,0
623,django/contrib/gis/management/commands/inspectdb.py,0.0048,0,0
624,django/contrib/flatpages/templatetags/__init__.py,0.0048,0,0
625,django/utils/version.py,0.0048,0,0
626,django/db/models/fields/mixins.py,0.0048,0,0
627,django/contrib/gis/db/backends/oracle/operations.py,0.0048,0,0
628,django/conf/locale/vi/__init__.py,0.0048,0,0
629,django/contrib/sessions/apps.py,0.0048,0,0
630,django/db/migrations/__init__.py,0.0048,0,0
631,django/contrib/messages/__init__.py,0.0048,0,0
632,django/middleware/locale.py,0.0048,0,0
633,django/core/mail/backends/__init__.py,0.0048,0,0
634,django/conf/locale/es_CO/__init__.py,0.0048,0,0
635,django/contrib/gis/gdal/libgdal.py,0.0036,0,0
636,django/conf/locale/ca/__init__.py,0.0036,0,0
637,django/contrib/admin/bin/compress.py,0.0036,0,0
638,django/conf/locale/mn/__init__.py,0.0036,0,0
639,django/contrib/postgres/aggregates/statistics.py,0.0036,0,0
640,django/conf/locale/ml/formats.py,0.0036,0,0
641,django/contrib/gis/db/backends/postgis/models.py,0.0036,0,0
642,django/conf/locale/fa/formats.py,0.0036,0,0
643,django/core/servers/__init__.py,0.0036,0,0
644,django/templatetags/tz.py,0.0024,0,0
645,django/middleware/security.py,0.0024,0,0
646,django/contrib/gis/forms/widgets.py,0.0024,0,0
647,django/forms/fields.py,0.0024,0,0
648,django/db/models/expressions.py,0.0024,0,0
649,django/core/handlers/__init__.py,0.0024,0,0
650,django/template/backends/utils.py,0.0024,0,0
651,django/contrib/postgres/forms/array.py,0.0024,0,0
652,django/db/models/indexes.py,0.0024,0,0
653,django/template/backends/base.py,0.0024,0,0
654,django/middleware/__init__.py,0.0024,0,0
655,django/utils/timesince.py,0.0024,0,0
656,django/db/backends/oracle/creation.py,0.0024,0,0
657,django/core/management/commands/startapp.py,0.0024,0,0
658,django/conf/locale/et/__init__.py,0.0024,0,0
659,django/contrib/gis/gdal/datasource.py,0.0012,0,0
660,django/contrib/gis/db/backends/postgis/__init__.py,0.0012,0,0
661,django/conf/locale/da/formats.py,0.0012,0,0
662,django/contrib/gis/geos/mutable_list.py,0.0012,0,0
663,django/contrib/sessions/backends/cached_db.py,0.0012,0,0
664,django/utils/dates.py,0.0012,0,0
665,django/conf/locale/ro/__init__.py,0.0012,0,0
666,django/db/backends/oracle/functions.py,0.0012,0,0
667,django/conf/locale/en_AU/formats.py,0.0012,0,0
668,django/contrib/sessions/__init__.py,0.0012,0,0
669,django/contrib/sites/migrations/__init__.py,0.0012,0,0
670,django/views/decorators/clickjacking.py,0.0012,0,0
671,django/template/backends/django.py,0.0012,0,0
672,django/contrib/gis/geos/base.py,0.0012,0,0
673,django/conf/locale/mk/__init__.py,0.0012,0,0
674,django/conf/locale/nn/__init__.py,0,0,0
675,django/core/management/commands/sendtestemail.py,0,0,0
676,django/core/management/color.py,0,0,0
677,django/conf/locale/es_MX/__init__.py,0,0,0
678,django/core/management/commands/showmigrations.py,0,0,0
679,django/contrib/gis/db/backends/oracle/base.py,0,0,0
680,django/db/backends/mysql/base.py,0,0,0
681,django/template/context.py,0,0,0
682,django/contrib/staticfiles/finders.py,0,0,0
683,django/conf/locale/ar/formats.py,0,0,0
684,django/db/backends/postgresql/__init__.py,0,0,0
685,django/contrib/postgres/forms/__init__.py,0,0,0
686,django/contrib/gis/db/backends/spatialite/base.py,0,0,0
687,django/views/generic/__init__.py,0,0,0
688,django/contrib/sessions/backends/db.py,0,0,0
689,django/db/backends/postgresql/base.py,0,0,0
690,django/conf/locale/fr/__init__.py,0,0,0
691,django/template/defaultfilters.py,0,0,0
692,django/contrib/admindocs/apps.py,0,0,0
693,django/conf/locale/de_CH/__init__.py,0,0,0
694,django/conf/locale/ml/__init__.py,0,0,0
695,django/core/cache/backends/__init__.py,0,0,0
696,django/forms/forms.py,0,0,0
697,django/contrib/contenttypes/models.py,0,0,0
698,django/conf/locale/gd/__init__.py,0,0,0
699,django/contrib/messages/constants.py,0,0,0
700,django/contrib/flatpages/migrations/__init__.py,0,0,0
701,django/contrib/admin/options.py,0,0,0
702,django/conf/global_settings.py,0,0,0
703,django/contrib/auth/management/commands/createsuperuser.py,0,0,0
704,django/middleware/csrf.py,0,0,0
705,django/contrib/sites/management.py,0,0,0
706,django/contrib/gis/geos/polygon.py,0,0,0
707,django/contrib/flatpages/urls.py,0,0,0
708,django/contrib/gis/gdal/envelope.py,0,0,0
709,django/conf/locale/ja/__init__.py,0,0,0
710,django/contrib/gis/db/models/__init__.py,0,0,0
711,django/contrib/staticfiles/management/commands/findstatic.py,0,0,0
712,django/db/models/fields/related_descriptors.py,0,0,0
713,django/contrib/gis/geometry.py,0,0,0
714,django/core/checks/translation.py,0,0,0
715,django/contrib/__init__.py,0,0,0
716,django/contrib/gis/db/backends/spatialite/__init__.py,0,0,0
717,django/utils/_os.py,0,0,0
718,django/utils/topological_sort.py,0,0,0
719,django/core/checks/security/csrf.py,0,0,0
720,django/contrib/admin/tests.py,0,0,0
721,django/template/library.py,0,0,0
722,django/contrib/auth/validators.py,0,0,0
723,django/contrib/sites/middleware.py,0,0,0
724,django/contrib/sessions/migrations/0001_initial.py,0,0,0
725,django/db/migrations/operations/models.py,0,0,0
726,django/core/management/commands/migrate.py,0,0,0
727,django/contrib/gis/gdal/geomtype.py,0,0,0
728,django/templatetags/l10n.py,0,0,0
729,django/contrib/contenttypes/forms.py,0,0,0
730,django/contrib/admin/sites.py,0,0,0
731,django/db/backends/__init__.py,0,0,0
732,django/contrib/sites/__init__.py,0,0,0
733,django/core/management/commands/makemessages.py,0,0,0
734,django/conf/locale/he/formats.py,0,0,0
735,django/conf/locale/pt_BR/formats.py,0,0,0
736,django/contrib/sessions/backends/base.py,0,0,0
737,django/db/models/sql/query.py,0,0,0
738,django/core/serializers/json.py,0,0,0
739,django/conf/locale/es_NI/__init__.py,0,0,0
740,django/core/cache/backends/db.py,0,0,0
741,django/db/models/fields/__init__.py,0,0,0
742,django/utils/__init__.py,0,0,0
743,django/utils/itercompat.py,0,0,0
744,django/contrib/contenttypes/migrations/0001_initial.py,0,0,0
745,django/contrib/admin/views/__init__.py,0,0,0
746,django/conf/locale/sk/__init__.py,0,0,0
747,django/views/decorators/http.py,0,0,0
748,django/core/checks/security/sessions.py,0,0,0
749,django/contrib/sessions/exceptions.py,0,0,0
750,django/db/backends/sqlite3/base.py,0,0,0
751,django/core/serializers/xml_serializer.py,0,0,0
752,django/views/static.py,0,0,0
753,django/db/backends/mysql/introspection.py,0,0,0
754,django/contrib/postgres/operations.py,0,0,0
755,django/contrib/postgres/apps.py,0,0,0
756,django/conf/locale/zh_Hant/__init__.py,0,0,0
757,django/contrib/gis/db/backends/mysql/schema.py,0,0,0
758,django/db/models/fields/reverse_related.py,0,0,0
759,django/conf/locale/hu/__init__.py,0,0,0
760,django/core/mail/utils.py,0,0,0
761,django/contrib/staticfiles/storage.py,0,0,0
762,django/template/defaulttags.py,0,0,0
763,django/contrib/admin/actions.py,0,0,0
764,django/contrib/gis/db/backends/mysql/introspection.py,0,0,0
765,django/middleware/cache.py,0,0,0
766,django/conf/locale/zh_Hans/formats.py,0,0,0
767,django/utils/asyncio.py,0,0,0
768,django/core/cache/__init__.py,0,0,0
769,django/core/checks/caches.py,0,0,0
770,django/contrib/gis/db/backends/oracle/models.py,0,0,0
771,django/urls/conf.py,0,0,0
772,django/conf/locale/sv/__init__.py,0,0,0
773,django/contrib/flatpages/apps.py,0,0,0
774,django/db/backends/base/creation.py,0,0,0
775,django/utils/hashable.py,0,0,0
776,django/conf/locale/ro/formats.py,0,0,0
777,django/contrib/postgres/forms/jsonb.py,0,0,0
778,django/contrib/gis/db/models/sql/__init__.py,0,0,0
779,django/core/files/storage.py,0,0,0
780,django/contrib/auth/context_processors.py,0,0,0
781,django/conf/locale/es_AR/formats.py,0,0,0
782,django/contrib/admin/forms.py,0,0,0
783,django/test/__init__.py,0,0,0
784,django/conf/locale/bg/formats.py,0,0,0
785,django/conf/locale/tg/formats.py,0,0,0
786,django/contrib/gis/db/backends/postgis/adapter.py,0,0,0
787,django/contrib/auth/migrations/0005_alter_user_last_login_null.py,0,0,0
788,django/conf/locale/ca/formats.py,0,0,0
789,django/template/engine.py,0,0,0
790,django/contrib/sites/migrations/0001_initial.py,0,0,0
791,django/contrib/auth/backends.py,0,0,0
792,django/contrib/staticfiles/__init__.py,0,0,0
793,django/db/__init__.py,0,0,0
794,django/conf/locale/uz/formats.py,0,0,0
795,django/core/wsgi.py,0,0,0
796,django/db/backends/postgresql/introspection.py,0,0,0
797,django/contrib/gis/geos/collections.py,0,0,0
798,django/db/models/constants.py,0,0,0
799,django/contrib/gis/gdal/geometries.py,0,0,0
800,django/utils/regex_helper.py,0,0,0
801,django/db/backends/oracle/base.py,0,0,0
802,django/contrib/auth/migrations/0010_alter_group_name_max_length.py,0,0,0
803,django/db/migrations/operations/fields.py,0,0,0
804,django/utils/safestring.py,0,0,0
805,django/http/response.py,0,0,0
806,django/conf/locale/pl/formats.py,0,0,0
807,django/core/signals.py,0,0,0
808,django/db/migrations/optimizer.py,0,0,0
809,django/contrib/auth/migrations/0011_update_proxy_permissions.py,0,0,0
810,django/contrib/flatpages/admin.py,0,0,0
811,django/conf/locale/tr/formats.py,0,0,0
812,django/contrib/messages/views.py,0,0,0
813,django/contrib/admin/templatetags/log.py,0,0,0
814,django/conf/locale/vi/formats.py,0,0,0
815,django/core/files/move.py,0,0,0
816,django/db/backends/sqlite3/client.py,0,0,0
817,django/conf/locale/cs/__init__.py,0,0,0
818,django/contrib/auth/mixins.py,0,0,0
819,django/contrib/gis/db/backends/base/__init__.py,0,0,0
820,django/conf/locale/te/formats.py,0,0,0
821,django/core/management/utils.py,0,0,0
822,django/utils/archive.py,0,0,0
823,django/contrib/syndication/views.py,0,0,0
824,django/contrib/gis/db/backends/mysql/base.py,0,0,0
825,django/contrib/gis/feeds.py,0,0,0
826,django/contrib/gis/geos/prototypes/predicates.py,0,0,0
827,django/db/utils.py,0,0,0
828,django/conf/locale/en/formats.py,0,0,0
829,django/contrib/gis/gdal/field.py,0,0,0
830,django/conf/locale/ar_DZ/formats.py,0,0,0
831,django/contrib/gis/db/backends/oracle/features.py,0,0,0
832,django/contrib/sitemaps/management/commands/ping_google.py,0,0,0
833,django/conf/locale/ig/__init__.py,0,0,0
834,django/conf/locale/tk/__init__.py,0,0,0
835,django/contrib/contenttypes/migrations/0002_remove_content_type_name.py,0,0,0
836,django/contrib/messages/middleware.py,0,0,0
837,django/core/management/templates.py,0,0,0
838,django/core/checks/compatibility/__init__.py,0,0,0
839,django/conf/locale/nb/__init__.py,0,0,0
840,django/core/mail/backends/console.py,0,0,0
841,django/contrib/auth/urls.py,0,0,0
